t_s,force_g,pos_act,current_mA
0.007883,32,503,0
0.037436,32,,
0.051637,32,,
0.062273,38,,
0.068555,38,,
0.082564,38,,
0.093384,46,,
0.099675,46,,
0.113584,46,509,55
0.144230,55,,
0.155170,57,,
0.161716,57,,
0.174960,57,,
0.185758,57,,
0.192169,57,,
0.206052,58,,
0.216854,58,514,26
0.248337,58,,
0.254805,58,,
0.267807,58,,
0.279622,58,,
0.286517,58,,
0.298859,59,,
0.309930,59,,
0.316679,59,522,56
0.347826,59,,
0.360889,59,,
0.371650,59,,
0.378152,59,,
0.392819,59,,
0.403012,59,,
0.409633,59,,
0.422514,60,526,50
0.454466,60,,
0.465248,60,,
0.471739,60,,
0.484665,60,,
0.496538,60,,
0.503043,60,,
0.515905,60,,
0.526646,60,537,75
0.558774,60,,
0.566670,61,,
0.577712,61,,
0.588789,61,,
0.595528,60,,
0.608764,60,,
0.621252,60,,
0.627808,60,544,44
0.657265,61,,
0.671659,61,,
0.681645,61,,
0.688179,61,,
0.702667,61,,
0.713642,61,,
0.720008,61,,
0.732841,61,554,39
0.764119,61,,
0.775371,60,,
0.782358,60,,
0.795501,60,,
0.807723,60,,
0.815409,60,,
0.826444,60,,
0.837355,60,560,78
0.867920,60,,
0.874664,60,,
0.887781,59,,
0.899847,59,,
0.907574,59,,
0.919513,60,,
0.930474,60,,
0.937287,60,569,83
0.968712,60,,
0.981068,60,,
0.993252,60,,
0.999777,60,,
1.011665,60,,
1.022638,60,,
1.029175,60,,
1.043169,60,574,49
1.074010,60,,
1.086047,60,,
1.092640,60,,
1.104570,60,,
1.115549,60,,
1.122165,60,,
1.135574,60,,
1.147702,60,581,58
1.178764,60,,
1.186462,60,,
1.198464,60,,
1.209495,60,,
1.215961,60,,
1.229018,60,,
1.240224,60,,
1.247133,60,590,45
1.279501,60,,
1.290778,60,,
1.301723,60,,
1.308278,60,,
1.322521,60,,
1.333438,60,,
1.339996,60,,
1.352922,60,597,62
1.383960,61,,
1.394558,60,,
1.400864,60,,
1.414754,60,,
1.425503,61,,
1.431859,61,,
1.445810,60,,
1.457783,60,605,66
1.488094,61,,
1.494594,61,,
1.507552,60,,
1.518363,60,,
1.525646,60,,
1.539183,60,,
1.551076,60,,
1.557579,60,616,81
1.588074,61,,
1.600990,61,,
1.612854,61,,
1.619340,61,,
1.632556,61,,
1.643585,61,,
1.650262,61,,
1.663452,60,626,49
1.694550,61,,
1.704421,61,,
1.710936,60,,
1.725229,60,,
1.737251,60,,
1.743770,61,,
1.755662,61,,
1.766522,61,633,57
1.797811,61,,
1.805216,61,,
1.817458,61,,
1.829457,61,,
1.835959,61,,
1.849502,61,,
1.860600,60,,
1.868284,60,639,86
1.898064,60,,
1.911235,60,,
1.923074,60,,
1.929415,60,,
1.941241,60,,
1.947733,60,,
1.955267,60,,
1.961972,60,645,62
1.991841,61,,
2.003968,61,,
2.015748,60,,
2.023309,60,,
2.035070,60,,
2.046806,60,,
2.053170,60,,
2.065986,61,651,63
2.096551,61,,
2.108513,61,,
2.115011,61,,
2.128252,60,,
2.139076,60,,
2.145540,60,,
2.158545,61,,
2.170483,61,661,48
2.201746,61,,
2.208281,61,,
2.221246,61,,
2.233140,61,,
2.239584,61,,
2.251948,61,,
2.263949,61,,
2.270503,61,669,59
2.301529,61,,
2.313507,61,,
2.325444,61,,
2.331949,61,,
2.345000,61,,
2.357010,61,,
2.363527,61,,
2.375488,61,675,62
2.407438,61,,
2.418571,61,,
2.426257,61,,
2.438170,61,,
2.450066,62,,
2.456534,62,,
2.468400,62,,
2.480358,62,687,59
2.511826,61,,
2.518319,61,,
2.530160,61,,
2.537227,61,,
2.545155,61,,
2.552899,61,,
2.561745,61,,
2.574184,62,693,56
2.604431,61,,
2.610897,61,,
2.624888,61,,
2.635618,61,,
2.643006,61,,
2.656106,61,,
2.667100,61,,
2.673734,61,703,13
2.704155,61,,
2.717136,62,,
2.728773,62,,
2.735366,62,,
2.748364,62,,
2.759278,62,,
2.765719,62,,
2.778848,61,710,54
2.810549,61,,
2.821668,61,,
2.828463,61,,
2.841790,62,,
2.852890,62,,
2.859463,62,,
2.872481,61,,
2.883414,61,715,50
2.914938,61,,
2.921451,61,,
2.934586,61,,
2.945412,61,,
2.953106,61,,
2.964953,61,,
2.977159,61,,
2.983704,62,723,46
3.014522,62,,
3.027683,62,,
3.038629,62,,
3.045485,61,,
3.058568,61,,
3.069403,62,,
3.077064,62,,
3.088972,62,731,58
3.120545,62,,
3.131763,62,,
3.138377,62,,
3.151502,62,,
3.162363,62,,
3.169664,62,,
3.182974,62,,
3.193819,62,735,51
3.224315,63,,
3.231757,63,,
3.244573,63,,
3.255378,63,,
3.262022,63,,
3.274987,63,,
3.286701,64,,
3.293189,64,745,61
3.323485,64,,
3.337597,64,,
3.348220,64,,
3.354530,64,,
3.368406,64,,
3.379018,64,,
3.385438,64,,
3.399471,64,754,50
3.430723,64,,
3.441488,64,,
3.447914,64,,
3.460897,64,,
3.472793,64,,
3.479274,64,,
3.492159,64,,
3.502876,64,762,46
3.534116,64,,
3.540499,64,,
3.554434,64,,
3.565099,64,,
3.571570,64,,
3.585859,64,,
3.596933,64,,
3.603502,64,772,40
3.634212,65,,
3.647466,65,,
3.658650,65,,
3.665223,64,,
3.678417,64,,
3.689399,64,,
3.695878,64,,
3.708829,64,778,58
3.740424,64,,
3.751574,69,,
3.758251,69,,
3.771238,69,,
3.782398,74,,
3.788969,74,,
3.802173,74,,
3.813254,80,784,71
3.843893,84,,
3.850449,84,,
3.864657,84,,
3.875679,91,,
3.882346,91,,
3.895377,91,,
3.906064,99,,
3.912617,99,794,64
3.944774,107,,
3.957188,117,,
3.968161,117,,
3.974851,117,,
3.987951,113,,
3.998697,113,,
4.004930,113,,
4.018717,109,796,-20
4.049904,106,,
4.060854,106,,
4.067461,106,,
4.081638,98,,
4.092596,98,,
4.098993,98,,
4.112087,97,,
4.122908,97,792,0
4.154267,97,,
4.160924,97,,
4.173827,97,,
4.185869,97,,
4.192520,97,,
4.205436,97,,
4.216261,97,,
4.222728,97,792,0
4.254107,97,,
4.267018,97,,
4.277714,97,,
4.284149,97,,
4.298147,97,,
4.308669,97,,
4.314934,97,,
4.329494,97,792,0
