trial_file,dof,speed,fset,f_max,delta_f,f_settle,t_peak_ms,onset_pos,rate_hz,aborted,hold,max_hold_dev_g,f_base_g
A_dof4_v100_F250_n04.csv,4,100,250,341,91,232,1098,775,78,0,5:0,36,39
A_dof4_v50_F100_n04.csv,4,50,100,122,22,87,1984,778,78,0,5:0,17,30
A_dof4_v250_F250_n01.csv,4,250,250,615,365,346,550,764,78,0,5:0,46,27
A_dof4_v500_F1000_n01.csv,4,500,1000,2454,1454,519,384,736,77,1,5:0,112,27
A_dof4_v1000_F100_n03.csv,4,1000,100,1013,913,69,271,793,78,0,5:0,51,34
A_dof4_v100_F500_n01.csv,4,100,500,598,98,507,1232,769,78,0,5:0,57,32
A_dof4_v750_F100_n02.csv,4,750,100,784,684,69,270,794,78,0,5:0,64,32
A_dof4_v50_F750_n04.csv,4,50,750,828,78,701,2534,778,78,0,5:0,81,32
A_dof4_v500_F100_n00.csv,4,500,100,686,586,209,354,824,80,0,5:0,55,33
A_dof4_v1000_F750_n04.csv,4,1000,750,1833,1083,603,330,715,79,0,5:0,114,33
A_dof4_v500_F500_n04.csv,4,500,500,1227,727,499,354,685,78,0,5:0,94,34
A_dof4_v250_F500_n03.csv,4,250,500,756,256,480,552,790,78,0,5:0,77,34
A_dof4_v250_F750_n02.csv,4,250,750,1026,276,622,584,766,78,0,5:0,92,34
A_dof4_v100_F1000_n04.csv,4,100,1000,1131,131,913,1375,770,77,0,5:0,106,34
A_dof4_v100_F1000_n01.csv,4,100,1000,1113,113,869,1377,777,77,0,5:0,106,33
A_dof4_v750_F1000_n00.csv,4,750,1000,2046,1046,1046,309,719,78,0,5:0,131,35
A_dof4_v100_F100_n01.csv,4,100,100,159,59,106,1067,777,78,0,5:0,21,35
A_dof4_v750_F1000_n02.csv,4,750,1000,2005,1005,867,341,721,78,0,5:0,101,34
A_dof4_v25_F1000_n02.csv,4,25,1000,2631,1631,168,3929,787,78,1,5:0,6,35
A_dof4_v100_F750_n03.csv,4,100,750,871,121,665,1314,775,78,0,5:0,92,34
A_dof4_v50_F750_n03.csv,4,50,750,845,95,705,2603,795,78,0,5:0,92,32
A_dof4_v25_F250_n00.csv,4,25,250,270,20,233,4401,796,77,0,5:0,45,19
A_dof4_v50_F750_n01.csv,4,50,750,764,14,684,2523,798,78,0,5:0,93,20
A_dof4_v750_F500_n04.csv,4,750,500,2070,1570,948,308,777,79,0,5:0,131,20
A_dof4_v750_F250_n01.csv,4,750,250,1347,1097,441,342,657,78,0,5:0,103,20
A_dof4_v100_F250_n03.csv,4,100,250,393,143,273,1170,777,78,0,5:0,56,21
A_dof4_v500_F100_n04.csv,4,500,100,614,514,168,352,691,78,0,5:0,72,20
A_dof4_v1000_F500_n04.csv,4,1000,500,1752,1252,590,309,798,78,0,5:0,120,20
A_dof4_v750_F750_n04.csv,4,750,750,2193,1443,1031,341,727,78,0,5:0,140,19
A_dof4_v500_F500_n00.csv,4,500,500,1035,535,447,341,727,78,0,5:0,89,19
A_dof4_v50_F250_n02.csv,4,50,250,314,64,245,2263,795,78,0,5:0,48,18
A_dof4_v1000_F500_n02.csv,4,1000,500,1972,1472,718,292,816,78,0,5:0,93,18
A_dof4_v1000_F500_n03.csv,4,1000,500,1669,1169,530,309,793,78,0,5:0,112,17
A_dof4_v250_F750_n04.csv,4,250,750,942,192,655,557,795,78,0,5:0,87,18
A_dof4_v750_F1000_n03.csv,4,750,1000,2028,1028,900,302,782,78,0,5:0,123,17
A_dof4_v500_F100_n01.csv,4,500,100,564,464,125,341,693,78,0,5:0,73,16
A_dof4_v50_F250_n04.csv,4,50,250,273,23,233,2275,796,78,0,5:0,43,18
A_dof4_v1000_F1000_n04.csv,4,1000,1000,2512,1512,471,341,721,75,1,5:0,112,18
A_dof4_v25_F100_n02.csv,4,25,100,119,19,101,4247,805,78,0,5:0,19,20
A_dof4_v50_F1000_n02.csv,4,50,1000,1079,79,942,2781,806,79,0,5:0,93,18
A_dof4_v25_F250_n04.csv,4,25,250,271,21,238,4477,800,78,0,5:0,42,31
A_dof4_v25_F250_n01.csv,4,25,250,282,32,249,4525,806,78,0,5:0,48,18
A_dof4_v1000_F250_n01.csv,4,1000,250,1832,1582,693,301,816,78,0,5:0,108,19
A_dof4_v250_F1000_n04.csv,4,250,1000,1419,419,979,652,764,78,0,5:0,103,20
A_dof4_v250_F1000_n02.csv,4,250,1000,1383,383,978,649,767,78,0,5:0,101,20
A_dof4_v750_F750_n00.csv,4,750,750,2057,1307,889,354,655,78,0,5:0,124,18
A_dof4_v250_F500_n02.csv,4,250,500,879,379,555,570,772,78,0,5:0,85,21
A_dof4_v25_F500_n04.csv,4,25,500,543,43,446,4910,809,78,0,5:0,76,21
A_dof4_v1000_F250_n02.csv,4,1000,250,1602,1352,485,303,792,78,0,5:0,104,20
A_dof4_v250_F250_n02.csv,4,250,250,598,348,379,557,773,78,0,5:0,81,19
A_dof4_v25_F750_n02.csv,4,25,750,779,29,673,5232,803,78,0,5:0,92,21
A_dof4_v50_F1000_n01.csv,4,50,1000,1059,59,919,2751,797,78,0,5:0,103,21
A_dof4_v25_F100_n01.csv,4,25,100,116,16,98,4208,808,78,0,5:0,20,20
A_dof4_v500_F250_n01.csv,4,500,250,991,741,415,342,730,78,0,5:0,97,19
A_dof4_v25_F500_n02.csv,4,25,500,566,66,461,4953,805,79,0,5:0,82,20
A_dof4_v100_F100_n04.csv,4,100,100,181,81,108,1109,807,78,0,5:0,33,20
A_dof4_v25_F1000_n01.csv,4,25,1000,1035,35,927,5592,808,78,0,5:0,105,19
A_dof4_v250_F750_n03.csv,4,250,750,1105,355,747,590,794,78,0,5:0,101,19
A_dof4_v1000_F1000_n03.csv,4,1000,1000,2522,1522,469,311,817,78,1,5:0,114,20
A_dof4_v50_F250_n01.csv,4,50,250,290,40,240,2306,809,78,0,5:0,46,21
A_dof4_v25_F250_n02.csv,4,25,250,271,21,244,4555,805,78,0,5:0,47,33
A_dof4_v50_F500_n04.csv,4,50,500,572,72,468,2511,811,77,0,5:0,78,18
A_dof4_v25_F1000_n00.csv,4,25,1000,1044,44,966,5593,808,78,0,5:0,102,20
A_dof4_v250_F1000_n00.csv,4,250,1000,1350,350,942,650,773,78,0,5:0,108,19
A_dof4_v50_F1000_n00.csv,4,50,1000,1075,75,927,2802,811,78,0,5:0,108,20
A_dof4_v100_F500_n03.csv,4,100,500,640,140,489,1296,803,78,0,5:0,81,20
A_dof4_v500_F750_n03.csv,4,500,750,1429,679,718,377,827,80,0,5:0,110,19
A_dof4_v750_F100_n00.csv,4,750,100,1201,1101,413,340,727,78,0,5:0,106,19
A_dof4_v100_F100_n03.csv,4,100,100,174,74,103,1108,808,78,0,5:0,32,18
A_dof4_v50_F100_n02.csv,4,50,100,124,24,98,2121,800,78,0,5:0,22,19
A_dof4_v1000_F750_n00.csv,4,1000,750,1658,908,623,342,725,78,0,5:0,111,19
A_dof4_v750_F500_n03.csv,4,750,500,1340,840,390,302,796,78,0,5:0,102,20
A_dof4_v1000_F250_n04.csv,4,1000,250,2228,1978,284,311,720,79,1,5:0,113,20
A_dof4_v100_F750_n02.csv,4,100,750,905,155,694,1387,803,78,0,5:0,89,21
A_dof4_v100_F100_n00.csv,4,100,100,166,66,101,1109,802,78,0,5:0,31,19
A_dof4_v1000_F750_n03.csv,4,1000,750,2415,1665,355,340,731,75,1,5:0,136,17
A_dof4_v500_F750_n01.csv,4,500,750,1585,835,813,385,735,78,0,5:0,108,20
A_dof4_v250_F500_n01.csv,4,250,500,822,322,520,600,793,78,0,5:0,78,21
A_dof4_v25_F750_n04.csv,4,25,750,780,30,700,5325,809,78,0,5:0,95,20
A_dof4_v750_F100_n03.csv,4,750,100,1317,1217,368,304,796,78,0,5:0,107,19
A_dof4_v250_F1000_n01.csv,4,250,1000,1299,299,909,649,769,78,0,5:0,101,35
A_dof4_v25_F250_n03.csv,4,25,250,270,20,228,4581,808,78,0,5:0,50,23
A_dof4_v100_F500_n00.csv,4,100,500,602,102,458,1296,803,78,0,5:0,89,20
A_dof4_v50_F250_n03.csv,4,50,250,288,38,242,2325,808,78,0,5:0,53,21
A_dof4_v1000_F100_n00.csv,4,1000,100,1571,1471,479,304,795,78,0,5:0,114,20
A_dof4_v250_F100_n03.csv,4,250,100,338,238,165,550,767,78,0,5:0,62,20
A_dof4_v25_F100_n04.csv,4,25,100,120,20,98,4261,808,78,0,5:0,21,21
A_dof4_v250_F500_n04.csv,4,250,500,796,296,485,581,768,78,0,5:0,95,20
A_dof4_v1000_F250_n03.csv,4,1000,250,1774,1524,562,308,721,78,0,5:0,115,21
A_dof4_v750_F500_n00.csv,4,750,500,1844,1344,780,302,778,78,0,5:0,118,21
A_dof4_v500_F250_n03.csv,4,500,250,918,668,351,372,695,78,0,5:0,94,21
A_dof4_v500_F1000_n03.csv,4,500,1000,2113,1113,1136,416,695,78,0,5:0,126,22
A_dof4_v100_F1000_n03.csv,4,100,1000,1190,190,945,1481,810,78,0,5:0,104,20
A_dof4_v500_F750_n00.csv,4,500,750,1416,666,667,365,728,79,0,5:0,108,21
A_dof4_v50_F1000_n04.csv,4,50,1000,1069,69,909,2820,811,78,0,5:0,107,22
A_dof4_v250_F100_n01.csv,4,250,100,364,264,154,510,789,78,0,5:0,61,22
A_dof4_v750_F250_n02.csv,4,750,250,1111,861,199,341,729,78,0,5:0,99,22
A_dof4_v100_F250_n01.csv,4,100,250,342,92,238,1200,810,78,0,5:0,60,22
A_dof4_v50_F500_n01.csv,4,50,500,551,51,490,2536,806,78,0,5:0,84,21
A_dof4_v250_F100_n00.csv,4,250,100,353,253,156,540,768,79,0,5:0,56,21
A_dof4_v500_F250_n00.csv,4,500,250,884,634,355,366,727,78,0,5:0,95,32
A_dof4_v1000_F750_n02.csv,4,1000,750,1596,846,572,324,726,79,0,5:0,121,22
A_dof4_v50_F100_n01.csv,4,50,100,132,32,100,2190,808,78,0,5:0,23,22
A_dof4_v500_F750_n04.csv,4,500,750,1496,746,745,384,694,78,0,5:0,116,20
A_dof4_v50_F750_n02.csv,4,50,750,836,86,692,2697,806,79,0,5:0,101,21
A_dof4_v500_F250_n04.csv,4,500,250,1066,816,399,353,737,79,0,5:0,79,22
A_dof4_v750_F500_n02.csv,4,750,500,1834,1334,776,340,780,78,0,5:0,127,22
A_dof4_v750_F1000_n01.csv,4,750,1000,1912,912,993,292,727,79,0,5:0,126,23
A_dof4_v1000_F250_n00.csv,4,1000,250,1521,1271,437,309,792,78,0,5:0,111,22
A_dof4_v100_F1000_n00.csv,4,100,1000,1156,156,937,1457,810,78,0,5:0,107,22
A_dof4_v50_F500_n03.csv,4,50,500,553,53,478,2533,805,79,0,5:0,80,21
A_dof4_v25_F500_n03.csv,4,25,500,524,24,484,5016,816,78,0,5:0,81,21
A_dof4_v1000_F1000_n00.csv,4,1000,1000,2285,1285,409,302,796,78,1,5:0,142,22
A_dof4_v100_F750_n00.csv,4,100,750,806,56,687,1407,813,78,0,5:0,94,22
A_dof4_v500_F500_n02.csv,4,500,500,1416,916,687,366,728,78,0,5:0,113,22
A_dof4_v50_F750_n00.csv,4,50,750,799,49,667,2680,810,78,0,5:0,98,22
A_dof4_v1000_F1000_n02.csv,4,1000,1000,2175,1175,1079,334,723,79,0,5:0,137,21
A_dof4_v25_F500_n01.csv,4,25,500,521,21,478,5015,816,78,0,5:0,79,23
A_dof4_v100_F250_n02.csv,4,100,250,347,97,249,1207,805,78,0,5:0,63,22
A_dof4_v100_F750_n04.csv,4,100,750,948,198,722,1393,794,78,0,5:0,103,21
A_dof4_v750_F750_n02.csv,4,750,750,1769,1019,852,339,717,78,0,5:0,119,33
A_dof4_v1000_F100_n01.csv,4,1000,100,1672,1572,526,341,731,80,0,5:0,123,21
A_dof4_v750_F250_n04.csv,4,750,250,1097,847,189,304,778,79,0,5:0,103,20
A_dof4_v50_F250_n00.csv,4,50,250,288,38,223,2323,809,78,0,5:0,52,20
A_dof4_v50_F100_n03.csv,4,50,100,139,39,104,2193,808,78,0,5:0,24,19
A_dof4_v1000_F500_n00.csv,4,1000,500,1502,1002,432,301,791,78,0,5:0,114,19
A_dof4_v500_F750_n02.csv,4,500,750,1927,1177,934,402,690,79,0,5:0,127,21
A_dof4_v50_F1000_n03.csv,4,50,1000,1042,42,922,2865,812,78,0,5:0,107,21
A_dof4_v25_F750_n01.csv,4,25,750,773,23,686,5363,810,79,0,5:0,99,21
A_dof4_v250_F250_n03.csv,4,250,250,521,271,309,552,788,80,0,5:0,80,21
A_dof4_v100_F500_n02.csv,4,100,500,576,76,456,1283,804,78,0,5:0,87,19
A_dof4_v250_F500_n00.csv,4,250,500,778,278,459,581,764,78,0,5:0,98,19
A_dof4_v750_F100_n01.csv,4,750,100,1325,1225,324,312,719,79,0,5:0,108,19
A_dof4_v25_F100_n00.csv,4,25,100,112,12,92,4291,808,78,0,5:0,20,19
A_dof4_v500_F100_n02.csv,4,500,100,826,726,298,373,689,78,0,5:0,99,19
A_dof4_v25_F1000_n03.csv,4,25,1000,1031,31,923,5655,815,78,0,5:0,115,19
A_dof4_v25_F100_n03.csv,4,25,100,113,13,93,4332,813,78,0,5:0,20,18
A_dof4_v25_F750_n00.csv,4,25,750,775,25,698,5322,810,78,0,5:0,102,17
A_dof4_v1000_F1000_n01.csv,4,1000,1000,2403,1403,432,340,725,75,1,5:0,140,17
A_dof4_v750_F250_n03.csv,4,750,250,1232,982,286,339,719,78,0,5:0,101,19
A_dof4_v500_F500_n03.csv,4,500,500,1442,942,688,385,641,78,0,5:0,108,35
A_dof4_v1000_F750_n01.csv,4,1000,750,2261,1511,403,301,797,78,1,5:0,144,20
A_dof4_v750_F750_n01.csv,4,750,750,1846,1096,816,308,783,78,0,5:0,123,22
A_dof4_v100_F100_n02.csv,4,100,100,148,48,99,1115,807,78,0,5:0,28,21
A_dof4_v250_F250_n00.csv,4,250,250,555,305,328,577,771,78,0,5:0,68,20
A_dof4_v500_F500_n01.csv,4,500,500,1404,904,698,371,695,78,0,5:0,111,20
A_dof4_v250_F750_n00.csv,4,250,750,1267,517,884,651,775,78,0,5:0,112,22
A_dof4_v1000_F100_n02.csv,4,1000,100,946,846,65,274,817,80,0,5:0,99,20
A_dof4_v750_F750_n03.csv,4,750,750,1756,1006,859,341,718,78,0,5:0,123,21
A_dof4_v500_F1000_n00.csv,4,500,1000,2072,1072,1178,416,691,78,0,5:0,131,19
A_dof4_v250_F250_n04.csv,4,250,250,518,268,304,552,788,79,0,5:0,77,21
A_dof4_v25_F750_n03.csv,4,25,750,779,29,676,5387,815,78,0,5:0,99,20
A_dof4_v50_F100_n00.csv,4,50,100,147,47,122,2213,810,78,0,5:0,27,20
A_dof4_v250_F100_n04.csv,4,250,100,328,228,139,539,767,79,0,5:0,59,19
A_dof4_v50_F500_n02.csv,4,50,500,548,48,478,2511,815,77,0,5:0,83,20
A_dof4_v1000_F100_n04.csv,4,1000,100,1497,1397,422,303,792,78,0,5:0,115,20
A_dof4_v750_F500_n01.csv,4,750,500,1938,1438,861,355,723,78,0,5:0,129,20
A_dof4_v100_F500_n04.csv,4,100,500,640,140,503,1302,810,78,0,5:0,87,20
A_dof4_v25_F1000_n04.csv,4,25,1000,1036,36,958,5672,806,78,0,5:0,112,21
A_dof4_v1000_F500_n01.csv,4,1000,500,1535,1035,444,305,796,78,0,5:0,122,21
A_dof4_v100_F1000_n02.csv,4,100,1000,1137,137,918,1481,811,78,0,5:0,111,35
A_dof4_v50_F500_n00.csv,4,50,500,563,63,490,2511,812,78,0,5:0,87,22
A_dof4_v750_F100_n04.csv,4,750,100,1092,992,198,301,780,78,0,5:0,105,21
A_dof4_v100_F250_n00.csv,4,100,250,385,135,320,1251,800,79,0,5:0,69,21
A_dof4_v750_F1000_n04.csv,4,750,1000,2072,1072,902,334,797,78,0,5:0,134,20
A_dof4_v250_F750_n01.csv,4,250,750,1261,511,869,651,813,78,0,5:0,110,22
A_dof4_v500_F1000_n02.csv,4,500,1000,1993,993,1063,396,730,78,0,5:0,137,22
A_dof4_v250_F100_n02.csv,4,250,100,327,227,139,550,774,78,0,5:0,61,22
A_dof4_v500_F100_n03.csv,4,500,100,455,355,74,340,729,79,0,5:0,71,22
A_dof4_v500_F1000_n04.csv,4,500,1000,1891,891,1085,403,856,78,0,5:0,136,20
A_dof4_v750_F250_n00.csv,4,750,250,1214,964,236,335,719,78,0,5:0,109,23
A_dof4_v100_F750_n01.csv,4,100,750,941,191,721,1394,805,79,0,5:0,107,22
A_dof4_v25_F500_n00.csv,4,25,500,527,27,489,5065,815,78,0,5:0,83,21
A_dof4_v500_F250_n02.csv,4,500,250,1033,783,388,353,736,79,0,5:0,82,19
A_dof4_v250_F1000_n03.csv,4,250,1000,1285,285,870,646,793,78,0,5:0,120,20
