index,dt_ms,ok
0,0.648968,1
1,0.599339,1
2,0.623328,1
3,0.610785,1
4,0.612091,1
5,0.575231,1
6,0.623251,1
7,0.644563,1
8,0.663743,1
9,0.586185,1
10,0.613233,1
11,9.652794,1
12,0.548121,1
13,0.634087,1
14,0.607193,1
15,0.607564,1
16,0.589168,1
17,0.981935,1
18,0.607277,1
19,0.624356,1
20,5.832609,1
21,0.617412,1
22,0.631992,1
23,0.620835,1
24,0.645246,1
25,0.617415,1
26,0.622978,1
27,0.616408,1
28,0.606643,1
29,0.613129,1
30,0.623163,1
31,0.966377,1
32,0.648494,1
33,0.623468,1
34,0.665710,1
35,0.947027,1
36,9.858411,1
37,0.943081,1
38,0.641832,1
39,0.617440,1
40,0.640655,1
41,0.604786,1
42,0.630185,1
43,0.623162,1
44,0.631571,1
45,5.703741,1
46,0.617737,1
47,0.637610,1
48,0.640569,1
49,0.969564,1
50,0.650343,1
51,0.633502,1
52,0.630744,1
53,0.634087,1
54,0.627335,1
55,0.627255,1
56,0.626033,1
57,0.622151,1
58,0.972211,1
59,0.931055,1
60,0.603594,1
61,9.682698,1
62,0.612651,1
63,0.635365,1
64,0.623764,1
65,0.635262,1
66,0.613861,1
67,0.634464,1
68,0.641057,1
69,0.646216,1
70,6.272899,1
71,0.919778,1
72,0.636615,1
73,0.605535,1
74,0.647183,1
75,0.650638,1
76,0.632070,1
77,0.636027,1
78,0.627469,1
79,0.615735,1
80,0.969158,1
81,0.622436,1
82,0.894144,1
83,0.985281,1
84,0.936139,1
85,9.425173,1
86,0.615629,1
87,0.618520,1
88,0.651558,1
89,0.621277,1
90,0.616541,1
91,0.628000,1
92,0.646332,1
93,0.623625,1
94,5.798557,1
95,0.607543,1
96,0.570731,1
97,0.656481,1
98,0.605495,1
99,0.630056,1
100,0.949108,1
101,0.632495,1
102,0.577534,1
103,0.611945,1
104,0.673893,1
105,0.632151,1
106,0.628074,1
107,0.613285,1
108,0.652202,1
109,0.631211,1
110,0.618509,1
111,9.638497,1
112,0.550050,1
113,0.638555,1
114,0.556145,1
115,0.635504,1
116,0.585444,1
117,0.645056,1
118,0.602283,1
119,0.639198,1
120,0.582356,1
121,6.018681,1
122,0.889637,1
123,0.933179,1
124,0.619354,1
125,0.639158,1
126,0.625025,1
127,0.595603,1
128,0.613948,1
129,0.635296,1
130,0.607701,1
131,0.633098,1
132,0.596561,1
133,0.621826,1
134,0.650979,1
135,0.610333,1
136,0.625036,1
137,9.619303,1
138,0.615258,1
139,0.626419,1
140,0.945941,1
141,0.624070,1
142,0.945484,1
143,0.608795,1
144,0.620579,1
145,0.637784,1
146,5.995213,1
147,0.617933,1
148,0.618838,1
149,0.610022,1
150,0.632648,1
151,0.967104,1
152,0.613247,1
153,0.636934,1
154,0.617078,1
155,0.606365,1
156,0.632771,1
157,0.594331,1
158,0.616168,1
159,0.627387,1
160,0.601307,1
161,0.660491,1
162,9.662748,1
163,0.619746,1
164,0.594631,1
165,0.621186,1
166,0.624283,1
167,0.608108,1
168,0.635516,1
169,0.614553,1
170,0.640599,1
171,0.641578,1
172,5.960051,1
173,0.883412,1
174,0.953642,1
175,0.639497,1
176,0.641174,1
177,0.624065,1
178,0.616830,1
179,0.973286,1
180,1.170541,1
181,0.894978,1
182,0.544132,1
183,0.638716,1
184,0.607117,1
185,0.579291,1
186,9.651708,1
187,0.592956,1
188,0.633394,1
189,0.587096,1
190,0.592781,1
191,0.641474,1
192,0.602476,1
193,0.628002,1
194,0.586035,1
195,0.601507,1
196,5.852902,1
197,0.942827,1
198,0.613401,1
199,0.970017,1
200,0.952908,1
201,0.608461,1
202,0.605557,1
203,0.638366,1
204,0.621886,1
205,0.651179,1
206,0.782099,1
207,0.905311,1
208,0.627669,1
209,0.941776,1
210,9.968838,1
211,0.895797,1
212,0.629508,1
213,0.631370,1
214,0.614647,1
215,0.590568,1
216,0.635675,1
217,0.617559,1
218,0.636702,1
219,5.946685,1
220,0.909669,1
221,0.652219,1
222,0.619895,1
223,0.928845,1
224,0.641337,1
225,0.610681,1
226,0.665603,1
227,0.622219,1
228,0.636333,1
229,0.602495,1
230,0.601479,1
231,0.626280,1
232,0.648979,1
233,0.625440,1
234,0.628120,1
235,9.668816,1
236,0.834993,1
237,0.639293,1
238,0.622340,1
239,0.617630,1
240,0.614812,1
241,0.579650,1
242,0.665473,1
243,0.598547,1
244,5.892810,1
245,0.649626,1
246,0.679985,1
247,0.904656,1
248,0.911809,1
249,0.603799,1
250,0.596744,1
251,0.611079,1
252,0.668603,1
253,0.630746,1
254,0.605570,1
255,0.609083,1
256,0.607291,1
257,0.609831,1
258,0.606082,1
259,0.622583,1
260,0.633107,1
261,9.585109,1
262,0.623813,1
263,0.577868,1
264,0.653804,1
265,0.620517,1
266,0.623501,1
267,0.598969,1
268,0.615748,1
269,0.635940,1
270,5.925762,1
271,0.612321,1
272,0.622356,1
273,0.621190,1
274,0.618310,1
275,0.656541,1
276,0.582111,1
277,0.614641,1
278,0.626687,1
279,0.624906,1
280,0.645423,1
281,0.578253,1
282,0.610004,1
283,0.640020,1
284,0.616849,1
285,0.643678,1
286,0.625851,1
287,0.644012,1
288,9.585596,1
289,0.619222,1
290,0.615357,1
291,0.623930,1
292,0.600157,1
293,0.642072,1
294,0.626837,1
295,0.618360,1
296,0.657285,1
297,6.127924,1
298,0.587899,1
299,0.628152,1
300,0.948883,1
301,0.851933,1
302,0.996723,1
303,1.092692,1
304,0.984575,1
305,1.017861,1
306,1.053896,1
307,1.045910,1
308,1.093441,1
309,9.391287,1
310,0.871950,1
311,0.950359,1
312,0.577926,1
313,0.645948,1
314,0.621897,1
315,0.563832,1
316,0.662888,1
317,0.964454,1
318,5.501042,1
319,0.949000,1
320,0.667293,1
321,0.623169,1
322,0.632400,1
323,0.620003,1
324,0.599578,1
325,0.646871,1
326,0.966788,1
327,0.627446,1
328,0.574558,1
329,0.661430,1
330,0.609525,1
331,0.628898,1
332,0.588605,1
333,0.593244,1
334,9.776257,1
335,0.871078,1
336,0.922408,1
337,0.960005,1
338,0.576928,1
339,0.641323,1
340,0.604784,1
341,0.580692,1
342,5.969033,1
343,0.947311,1
344,0.936193,1
345,0.625592,1
346,0.615887,1
347,0.625546,1
348,0.594232,1
349,0.637002,1
350,0.615341,1
351,0.614678,1
352,0.717747,1
353,0.864597,1
354,0.604792,1
355,0.613342,1
356,0.643255,1
357,0.622372,1
358,9.618573,1
359,0.588609,1
360,0.603108,1
361,0.592848,1
362,0.628817,1
363,0.620869,1
364,0.607419,1
365,0.595876,1
366,0.629971,1
367,0.607815,1
368,6.014984,1
369,0.637490,1
370,0.640795,1
371,0.640442,1
372,0.661978,1
373,0.598545,1
374,0.647891,1
375,0.607993,1
376,0.616793,1
377,0.948009,1
378,0.625337,1
379,0.665691,1
380,0.621764,1
381,0.630868,1
382,0.937463,1
383,9.792971,1
384,0.611853,1
385,0.616903,1
386,0.612832,1
387,0.912302,1
388,0.600953,1
389,0.623053,1
390,0.765723,1
391,0.874093,1
392,5.594104,1
393,0.590616,1
394,0.597791,1
395,0.616373,1
396,0.615040,1
397,0.612102,1
398,0.612720,1
399,0.710338,1
400,0.839840,1
401,0.644082,1
402,0.603361,1
403,0.750482,1
404,0.897392,1
405,0.920613,1
406,0.596391,1
407,0.721149,1
408,9.508814,1
409,0.882918,1
410,0.609809,1
411,0.621009,1
412,0.612114,1
413,0.591978,1
414,0.626667,1
415,0.628714,1
416,0.625571,1
417,5.964244,1
418,0.848704,1
419,0.600716,1
420,0.619125,1
421,0.601797,1
422,0.607159,1
423,0.618589,1
424,0.597458,1
425,0.625172,1
426,0.628946,1
427,0.607609,1
428,0.604580,1
429,0.643928,1
430,0.605280,1
431,0.604451,1
432,0.625249,1
433,0.620865,1
434,9.781769,1
435,0.896953,1
436,0.612487,1
437,0.612523,1
438,0.677865,1
439,0.618062,1
440,0.600256,1
441,0.920635,1
442,0.609239,1
443,6.076809,1
444,0.896527,1
445,0.605590,1
446,0.622441,1
447,0.615304,1
448,0.603281,1
449,0.610471,1
450,0.633624,1
451,0.592664,1
452,0.612651,1
453,0.619304,1
454,0.612884,1
455,0.576632,1
456,0.637033,1
457,0.627011,1
458,0.589087,1
459,9.890429,1
460,0.800513,1
461,0.621889,1
462,0.626083,1
463,0.590299,1
464,0.612576,1
465,0.618768,1
466,0.599867,1
467,0.612551,1
468,5.930350,1
469,0.622039,1
470,0.615790,1
471,0.579879,1
472,0.616501,1
473,0.634435,1
474,0.594239,1
475,0.629305,1
476,0.606864,1
477,0.604198,1
478,0.615583,1
479,0.632606,1
480,0.602744,1
481,0.615014,1
482,0.632678,1
483,0.601661,1
484,0.611524,1
485,0.593508,1
486,9.625318,1
487,0.559599,1
488,0.604153,1
489,0.595400,1
490,0.618568,1
491,0.629408,1
492,0.609405,1
493,0.635476,1
494,0.578972,1
495,0.623002,1
496,5.739549,1
497,0.561586,1
498,0.631251,1
499,0.626135,1
500,0.623147,1
501,0.685272,1
502,0.564209,1
503,0.619541,1
504,0.643715,1
505,0.604790,1
506,0.626265,1
507,0.584700,1
508,0.621428,1
509,0.617646,1
510,0.633472,1
511,0.608144,1
512,0.630743,1
513,9.769778,1
514,0.608916,1
515,0.602434,1
516,0.612288,1
517,0.608042,1
518,0.625289,1
519,0.589683,1
520,0.647480,1
521,0.597966,1
522,0.620656,1
523,6.017333,1
524,0.624719,1
525,0.642806,1
526,0.624676,1
527,0.628834,1
528,0.626814,1
529,0.636095,1
530,0.629472,1
531,0.637774,1
532,0.628055,1
533,0.616780,1
534,0.639890,1
535,0.613306,1
536,0.635828,1
537,0.630435,1
538,0.611703,1
539,0.614118,1
540,9.629550,1
541,0.600113,1
542,0.650932,1
543,0.621114,1
544,0.647802,1
545,0.657202,1
546,0.980798,1
547,0.621897,1
548,0.625173,1
549,5.778844,1
550,0.619587,1
551,0.639363,1
552,0.606899,1
553,0.623587,1
554,0.622641,1
555,0.633325,1
556,0.624898,1
557,0.641204,1
558,0.611212,1
559,0.638142,1
560,0.650503,1
561,0.633657,1
562,0.626370,1
563,0.620862,1
564,0.621426,1
565,0.640234,1
566,9.667891,1
567,0.622357,1
568,0.650969,1
569,0.598893,1
570,0.619762,1
571,0.630976,1
572,0.636590,1
573,0.631279,1
574,0.629474,1
575,0.632085,1
576,5.745426,1
577,0.639356,1
578,0.622149,1
579,0.639349,1
580,0.621649,1
581,0.635066,1
582,0.655210,1
583,0.928726,1
584,0.626387,1
585,0.634618,1
586,0.627139,1
587,0.613852,1
588,0.640617,1
589,0.619617,1
590,0.611050,1
591,0.654915,1
592,9.848690,1
593,0.633046,1
594,0.629778,1
595,0.617647,1
596,0.630186,1
597,0.952832,1
598,0.625789,1
599,0.617595,1
600,0.645079,1
601,6.047280,1
602,0.645000,1
603,0.961407,1
604,0.639287,1
605,0.979439,1
606,0.986913,1
607,0.925150,1
608,0.665624,1
609,0.594028,1
610,0.631385,1
611,0.626553,1
612,0.621245,1
613,0.616182,1
614,0.975902,1
615,9.590626,1
616,0.643442,1
617,0.635370,1
618,0.641512,1
619,0.599533,1
620,0.625296,1
621,0.632759,1
622,0.990621,1
623,0.612390,1
624,5.844659,1
625,0.987970,1
626,0.613158,1
627,0.645972,1
628,0.969136,1
629,0.653522,1
630,0.969945,1
631,0.975442,1
632,0.957594,1
633,0.641144,1
634,0.622580,1
635,0.627795,1
636,0.905673,1
637,0.626163,1
638,9.640209,1
639,0.644603,1
640,0.624995,1
641,0.615018,1
642,0.627468,1
643,0.967589,1
644,0.657592,1
645,0.586082,1
646,0.634147,1
647,5.808913,1
648,0.612976,1
649,0.629835,1
650,0.624814,1
651,0.628202,1
652,0.632547,1
653,0.617713,1
654,0.631985,1
655,0.625854,1
656,0.980927,1
657,0.987459,1
658,0.614398,1
659,0.645983,1
660,0.630497,1
661,0.653325,1
662,0.602595,1
663,9.640438,1
664,0.631555,1
665,0.642960,1
666,0.619270,1
667,0.622667,1
668,0.608343,1
669,0.998888,1
670,0.976753,1
671,6.369549,1
672,0.621873,1
673,0.637970,1
674,0.632730,1
675,0.626547,1
676,0.618010,1
677,0.621989,1
678,0.974895,1
679,0.627004,1
680,0.613622,1
681,0.633705,1
682,0.628827,1
683,0.634405,1
684,0.599714,1
685,0.643746,1
686,0.641123,1
687,9.762700,1
688,0.656985,1
689,0.606460,1
690,0.626339,1
691,0.931762,1
692,0.616366,1
693,0.624995,1
694,0.604896,1
695,0.628888,1
696,5.900924,1
697,0.628354,1
698,0.625444,1
699,0.635289,1
700,0.622435,1
701,0.638089,1
702,0.601032,1
703,0.636782,1
704,0.645932,1
705,0.618627,1
706,0.618681,1
707,0.627473,1
708,0.588257,1
709,0.627444,1
710,0.620875,1
711,0.584309,1
712,0.617391,1
713,0.626069,1
714,9.597377,1
715,0.625095,1
716,0.622748,1
717,0.629578,1
718,0.630014,1
719,0.634161,1
720,0.606491,1
721,0.629107,1
722,0.619177,1
723,5.968577,1
724,0.628453,1
725,0.637522,1
726,0.965492,1
727,0.632763,1
728,0.630996,1
729,0.634384,1
730,0.616116,1
731,0.810733,1
732,0.883028,1
733,0.613326,1
734,0.604700,1
735,0.986195,1
736,0.907481,1
737,0.570093,1
738,9.846810,1
739,0.903773,1
740,0.607733,1
741,0.646934,1
742,0.966062,1
743,0.619944,1
744,0.634157,1
745,0.629126,1
746,6.202712,1
747,0.626137,1
748,0.644755,1
749,0.647922,1
750,0.631552,1
751,0.634940,1
752,0.656261,1
753,0.616984,1
754,0.620907,1
755,0.629844,1
756,0.587629,1
757,0.649941,1
758,0.621887,1
759,0.635435,1
760,0.657836,1
761,0.973203,1
762,9.731970,1
763,0.965585,1
764,0.621534,1
765,0.616895,1
766,0.642023,1
767,0.613761,1
768,0.638297,1
769,0.618626,1
770,0.663027,1
771,5.706214,1
772,0.632654,1
773,0.607181,1
774,0.594000,1
775,0.649085,1
776,0.632168,1
777,0.629419,1
778,0.627892,1
779,0.605355,1
780,0.637742,1
781,0.871238,1
782,0.984914,1
783,0.917681,1
784,0.646709,1
785,0.638899,1
786,0.633449,1
787,9.738565,1
788,0.941266,1
789,0.620641,1
790,0.666896,1
791,0.965490,1
792,0.941958,1
793,0.596925,1
794,0.611218,1
795,6.006242,1
796,0.959822,1
797,0.598350,1
798,0.955952,1
799,0.621294,1
800,0.658364,1
801,1.001344,1
802,0.935965,1
803,0.612662,1
804,0.607367,1
805,0.973526,1
806,0.646324,1
807,0.980868,1
808,0.640279,1
809,9.722255,1
810,0.889667,1
811,0.960624,1
812,0.947856,1
813,0.621081,1
814,0.751565,1
815,0.848689,1
816,6.003223,1
817,0.619164,1
818,0.622431,1
819,0.641155,1
820,0.940876,1
821,0.635703,1
822,0.623779,1
823,0.636924,1
824,0.631107,1
825,0.628155,1
826,0.626652,1
827,0.623024,1
828,0.649574,1
829,0.989328,1
830,0.957177,1
831,9.811791,1
832,0.580197,1
833,0.611844,1
834,0.969409,1
835,0.982442,1
836,0.640202,1
837,0.641997,1
838,0.952338,1
839,5.746017,1
840,0.902819,1
841,0.955004,1
842,0.675158,1
843,0.922520,1
844,0.960589,1
845,0.643798,1
846,0.623502,1
847,0.631948,1
848,0.593646,1
849,0.974386,1
850,0.655369,1
851,0.963077,1
852,0.654524,1
853,9.680114,1
854,0.934044,1
855,0.621532,1
856,0.641021,1
857,0.617363,1
858,0.638691,1
859,0.616824,1
860,0.626137,1
861,0.642972,1
862,5.850910,1
863,0.604050,1
864,0.637160,1
865,0.618336,1
866,0.988437,1
867,0.937652,1
868,0.632825,1
869,0.624489,1
870,0.635025,1
871,0.612641,1
872,0.971062,1
873,0.640071,1
874,0.612004,1
875,0.621817,1
876,0.619929,1
877,0.619822,1
878,9.753460,1
879,0.934408,1
880,0.647123,1
881,0.601218,1
882,0.637821,1
883,0.621402,1
884,0.619966,1
885,0.995568,1
886,5.985216,1
887,0.550932,1
888,0.631255,1
889,0.619859,1
890,0.602932,1
891,0.632716,1
892,0.598286,1
893,0.611184,1
894,0.618610,1
895,0.617416,1
896,0.616767,1
897,0.940699,1
898,0.632826,1
899,0.626320,1
900,0.609985,1
901,0.616859,1
902,0.606258,1
903,9.725428,1
904,0.833000,1
905,0.586125,1
906,0.625914,1
907,0.604101,1
908,0.625707,1
909,0.695001,1
910,1.033131,1
911,6.142003,1
912,0.839625,1
913,0.596512,1
914,0.610897,1
915,0.600821,1
916,0.614949,1
917,0.605505,1
918,0.616544,1
919,0.587486,1
920,0.620408,1
921,0.599864,1
922,0.635715,1
923,0.594550,1
924,0.577362,1
925,0.652879,1
926,0.593424,1
927,0.610308,1
928,9.603600,1
929,0.572314,1
930,0.623668,1
931,0.615171,1
932,0.626741,1
933,0.589299,1
934,0.602727,1
935,0.609128,1
936,0.621450,1
937,0.620774,1
938,5.780580,1
939,0.579044,1
940,0.593781,1
941,0.637500,1
942,0.590612,1
943,0.606449,1
944,0.608510,1
945,0.613344,1
946,0.605434,1
947,1.026800,1
948,0.929732,1
949,0.584443,1
950,0.631991,1
951,0.602890,1
952,0.616070,1
953,0.612482,1
954,9.873751,1
955,0.890046,1
956,0.591394,1
957,0.614411,1
958,0.612465,1
959,0.625122,1
960,0.626296,1
961,0.591056,1
962,0.627320,1
963,6.347807,1
964,0.862114,1
965,0.592479,1
966,0.596276,1
967,0.622267,1
968,0.603003,1
969,0.630584,1
970,0.608994,1
971,0.592428,1
972,0.611047,1
973,0.642824,1
974,0.581443,1
975,0.614932,1
976,0.627085,1
977,0.610867,1
978,0.621124,1
979,0.604138,1
980,9.721936,1
981,0.532617,1
982,0.625378,1
983,0.579004,1
984,0.625507,1
985,0.593355,1
986,0.628548,1
987,0.617032,1
988,0.615678,1
989,0.601218,1
990,5.764535,1
991,0.555629,1
992,0.647198,1
993,0.626165,1
994,0.617487,1
995,0.547712,1
996,0.662318,1
997,0.626030,1
998,0.624835,1
999,0.575648,1
1000,0.624807,1
1001,0.650507,1
1002,0.594007,1
1003,0.595212,1
1004,0.630068,1
1005,0.610442,1
1006,0.630811,1
1007,9.926544,1
1008,0.904715,1
1009,0.985321,1
1010,0.983352,1
1011,0.988515,1
1012,0.619252,1
1013,0.958551,1
1014,5.615790,1
1015,0.922545,1
1016,0.627622,1
1017,0.803446,1
1018,0.965976,1
1019,0.918422,1
1020,1.001552,1
1021,0.950808,1
1022,0.958136,1
1023,0.636605,1
1024,0.968236,1
1025,0.636929,1
1026,0.636530,1
1027,10.004965,1
1028,0.916462,1
1029,0.985260,1
1030,0.983462,1
1031,0.608945,1
1032,0.673914,1
1033,0.574033,1
1034,0.623865,1
1035,6.220087,1
1036,0.913415,1
1037,0.946638,1
1038,0.659162,1
1039,0.938320,1
1040,0.972158,1
1041,0.995638,1
1042,0.983927,1
1043,0.937471,1
1044,0.626315,1
1045,0.664627,1
1046,0.553905,1
1047,9.929329,1
1048,0.622749,1
1049,0.681317,1
1050,0.605779,1
1051,0.608014,1
1052,0.622409,1
1053,0.971798,1
1054,0.612674,1
1055,0.632213,1
1056,5.932382,1
1057,0.585233,1
1058,0.621161,1
1059,0.639230,1
1060,0.955520,1
1061,0.604700,1
1062,0.636090,1
1063,0.600289,1
1064,0.631916,1
1065,0.630031,1
1066,0.611563,1
1067,0.657276,1
1068,0.610505,1
1069,0.979319,1
1070,0.633232,1
1071,0.629977,1
1072,9.836626,1
1073,1.032578,1
1074,0.883982,1
1075,0.932906,1
1076,0.584469,1
1077,0.644534,1
1078,0.620999,1
1079,0.637112,1
1080,5.751572,1
1081,0.618557,1
1082,0.639243,1
1083,0.979334,1
1084,0.991619,1
1085,1.001821,1
1086,0.927558,1
1087,0.617570,1
1088,0.790796,1
1089,0.892801,1
1090,0.980358,1
1091,0.975610,1
1092,0.632265,1
1093,9.776119,1
1094,0.911794,1
1095,0.627272,1
1096,0.640712,1
1097,0.615606,1
1098,0.629500,1
1099,1.010373,1
1100,0.942484,1
1101,6.026938,1
1102,0.963396,1
1103,0.981356,1
1104,0.985622,1
1105,0.990225,1
1106,0.977496,1
1107,0.954005,1
1108,0.623287,1
1109,0.614252,1
1110,0.604986,1
1111,0.978978,1
1112,0.625508,1
1113,0.681653,1
1114,9.572960,1
1115,0.947345,1
1116,0.641885,1
1117,0.652959,1
1118,0.948578,1
1119,0.610733,1
1120,0.656370,1
1121,0.601323,1
1122,0.630791,1
1123,5.820683,1
1124,0.608447,1
1125,0.626870,1
1126,0.613003,1
1127,0.595056,1
1128,0.659063,1
1129,0.601013,1
1130,0.645384,1
1131,0.619261,1
1132,0.596339,1
1133,0.625210,1
1134,0.658911,1
1135,0.596233,1
1136,0.639398,1
1137,0.634017,1
1138,0.659148,1
1139,0.951639,1
1140,9.430691,1
1141,0.614520,1
1142,0.644473,1
1143,0.595805,1
1144,0.632224,1
1145,0.637754,1
1146,0.955704,1
1147,0.629632,1
1148,0.637605,1
1149,5.811336,1
1150,0.586624,1
1151,0.626390,1
1152,0.628139,1
1153,0.618668,1
1154,0.615445,1
1155,0.602051,1
1156,0.628197,1
1157,0.603321,1
1158,0.595805,1
1159,0.596982,1
1160,0.654496,1
1161,0.589711,1
1162,0.678176,1
1163,0.935153,1
1164,0.616363,1
1165,0.625460,1
1166,9.657832,1
1167,0.586923,1
1168,0.615532,1
1169,0.620912,1
1170,0.593967,1
1171,0.626572,1
1172,0.606313,1
1173,0.649070,1
1174,0.636447,1
1175,6.148330,1
1176,0.636543,1
1177,0.975117,1
1178,0.639208,1
1179,0.600731,1
1180,0.634521,1
1181,0.600904,1
1182,0.610275,1
1183,0.937050,1
1184,0.797449,1
1185,0.836510,1
1186,0.640023,1
1187,0.632776,1
1188,0.574675,1
1189,0.651216,1
1190,9.887738,1
1191,0.865354,1
1192,0.590190,1
1193,0.598156,1
1194,0.650714,1
1195,0.664101,1
1196,0.597850,1
1197,0.594317,1
1198,0.656164,1
1199,6.079274,1
1200,0.844929,1
1201,0.683436,1
1202,0.889093,1
1203,0.682751,1
1204,0.625051,1
1205,1.155002,1
1206,0.906067,1
1207,0.609532,1
1208,0.600406,1
1209,0.959836,1
1210,0.616666,1
1211,0.605098,1
1212,0.607005,1
1213,9.941725,1
1214,0.585502,1
1215,0.619664,1
1216,0.628032,1
1217,0.614086,1
1218,0.953034,1
1219,0.606739,1
1220,0.606314,1
1221,0.612428,1
1222,5.912648,1
1223,0.920019,1
1224,0.620023,1
1225,0.641062,1
1226,0.947127,1
1227,0.742617,1
1228,0.890558,1
1229,0.568780,1
1230,0.642611,1
1231,0.605789,1
1232,0.647794,1
1233,0.574590,1
1234,0.604843,1
1235,0.632190,1
1236,0.621787,1
1237,0.611547,1
1238,9.604663,1
1239,0.625311,1
1240,0.919187,1
1241,0.615447,1
1242,0.662496,1
1243,0.616293,1
1244,0.942613,1
1245,0.628520,1
1246,0.606426,1
1247,6.025128,1
1248,0.646092,1
1249,0.631819,1
1250,0.961317,1
1251,0.640024,1
1252,0.649447,1
1253,0.598951,1
1254,0.619820,1
1255,0.618281,1
1256,0.962109,1
1257,0.631132,1
1258,0.653214,1
1259,0.611859,1
1260,0.600203,1
1261,0.640678,1
1262,9.819984,1
1263,0.939497,1
1264,0.601639,1
1265,0.631899,1
1266,0.600779,1
1267,0.645930,1
1268,0.633785,1
1269,0.624405,1
1270,0.623518,1
1271,5.823266,1
1272,0.610060,1
1273,0.669857,1
1274,0.612090,1
1275,0.633437,1
1276,0.641534,1
1277,0.646502,1
1278,0.625290,1
1279,0.637659,1
1280,0.625090,1
1281,0.657294,1
1282,0.589244,1
1283,0.962407,1
1284,0.605321,1
1285,0.620068,1
1286,0.608115,1
1287,0.640381,1
1288,9.660586,1
1289,0.947299,1
1290,0.608124,1
1291,0.657933,1
1292,0.609970,1
1293,0.619834,1
1294,0.628008,1
1295,0.631437,1
1296,0.629480,1
1297,5.724269,1
1298,0.635255,1
1299,0.601013,1
1300,0.610870,1
1301,0.603999,1
1302,0.625335,1
1303,0.618117,1
1304,0.607231,1
1305,0.638073,1
1306,0.623825,1
1307,0.652804,1
1308,0.628831,1
1309,0.627747,1
1310,0.652717,1
1311,0.615528,1
1312,0.638665,1
1313,0.629907,1
1314,9.744780,1
1315,0.630310,1
1316,0.637168,1
1317,0.633428,1
1318,0.623575,1
1319,0.633078,1
1320,0.616142,1
1321,0.648325,1
1322,0.615572,1
1323,0.622566,1
1324,6.056675,1
1325,0.627505,1
1326,0.951494,1
1327,0.638481,1
1328,0.625696,1
1329,0.651529,1
1330,0.614202,1
1331,0.654399,1
1332,0.626512,1
1333,0.613593,1
1334,0.628271,1
1335,0.607502,1
1336,0.868184,1
1337,0.840348,1
1338,0.623099,1
1339,9.757857,1
1340,0.831744,1
1341,0.616007,1
1342,0.578701,1
1343,0.641830,1
1344,0.695273,1
1345,0.586870,1
1346,0.597985,1
1347,0.671115,1
1348,6.003164,1
1349,0.852400,1
1350,0.595285,1
1351,0.621329,1
1352,0.614602,1
1353,0.596412,1
1354,0.637239,1
1355,0.607083,1
1356,0.927903,1
1357,0.673097,1
1358,0.599421,1
1359,0.605470,1
1360,0.919564,1
1361,0.609417,1
1362,0.587294,1
1363,0.652063,1
1364,9.741070,1
1365,1.127505,1
1366,0.936721,1
1367,0.926848,1
1368,0.613851,1
1369,0.660489,1
1370,0.581913,1
1371,0.601401,1
1372,5.822909,1
1373,0.598100,1
1374,0.747049,1
1375,0.878241,1
1376,0.965094,1
1377,0.630200,1
1378,0.629998,1
1379,0.638126,1
1380,0.599166,1
1381,0.612886,1
1382,0.611104,1
1383,0.582963,1
1384,0.654960,1
1385,0.594832,1
1386,0.992499,1
1387,0.587017,1
1388,9.561091,1
1389,0.622182,1
1390,0.615980,1
1391,0.607910,1
1392,0.609799,1
1393,0.674007,1
1394,0.596886,1
1395,0.615370,1
1396,0.611157,1
1397,6.162587,1
1398,1.011128,1
1399,0.936194,1
1400,0.885127,1
1401,0.622333,1
1402,0.645689,1
1403,0.580379,1
1404,0.597388,1
1405,0.630898,1
1406,0.616702,1
1407,0.603336,1
1408,0.626251,1
1409,0.958694,1
1410,0.611485,1
1411,0.614781,1
1412,9.846419,1
1413,0.606036,1
1414,0.603299,1
1415,0.603656,1
1416,0.609706,1
1417,0.634627,1
1418,0.606405,1
1419,0.601779,1
1420,0.621457,1
1421,0.629030,1
1422,5.769954,1
1423,0.544187,1
1424,0.600621,1
1425,0.699705,1
1426,0.864494,1
1427,0.626340,1
1428,0.626879,1
1429,0.610884,1
1430,0.555771,1
1431,0.665983,1
1432,0.615883,1
1433,0.578410,1
1434,0.630094,1
1435,0.666095,1
1436,0.563664,1
1437,0.660158,1
1438,0.613992,1
1439,9.643474,1
1440,0.889586,1
1441,0.554447,1
1442,0.651758,1
1443,0.613260,1
1444,0.569639,1
1445,0.658373,1
1446,0.591597,1
1447,0.640814,1
1448,5.743993,1
1449,0.877045,1
1450,0.582987,1
1451,0.657136,1
1452,0.605967,1
1453,0.603287,1
1454,0.626549,1
1455,0.606733,1
1456,0.603587,1
1457,0.616818,1
1458,0.580131,1
1459,0.651248,1
1460,0.620340,1
1461,0.613117,1
1462,0.601645,1
1463,0.555253,1
1464,0.662436,1
1465,9.793522,1
1466,0.523355,1
1467,0.656417,1
1468,0.603349,1
1469,0.643074,1
1470,0.573769,1
1471,0.576880,1
1472,0.659644,1
1473,0.574785,1
1474,0.668661,1
1475,5.949234,1
1476,0.540314,1
1477,0.574346,1
1478,0.619794,1
1479,0.606620,1
1480,0.647886,1
1481,0.615855,1
1482,0.569894,1
1483,0.650872,1
1484,0.625153,1
1485,0.586843,1
1486,0.631619,1
1487,0.646788,1
1488,0.600330,1
1489,0.623973,1
1490,0.591059,1
1491,0.663198,1
1492,9.814951,1
1493,0.607955,1
1494,0.626902,1
1495,0.611874,1
1496,0.623516,1
1497,0.988315,1
1498,0.960552,1
1499,0.573580,1
1500,0.605926,1
1501,5.868569,1
1502,0.921968,1
1503,0.603560,1
1504,0.957386,1
1505,0.581460,1
1506,0.652192,1
1507,0.612801,1
1508,0.652264,1
1509,0.970675,1
1510,0.631309,1
1511,0.631982,1
1512,0.639073,1
1513,0.645125,1
1514,0.591452,1
1515,0.644480,1
1516,9.778479,1
1517,0.580278,1
1518,0.613565,1
1519,0.584099,1
1520,0.657654,1
1521,0.611062,1
1522,0.570365,1
1523,0.620684,1
1524,0.653531,1
1525,0.607848,1
1526,6.025584,1
1527,1.104660,1
1528,0.850824,1
1529,0.614135,1
1530,0.959289,1
1531,0.584147,1
1532,0.646866,1
1533,0.599437,1
1534,0.619160,1
1535,0.642043,1
1536,0.617671,1
1537,0.666844,1
1538,0.628295,1
1539,0.603933,1
1540,0.665142,1
1541,9.583311,1
1542,0.604916,1
1543,0.621871,1
1544,0.603458,1
1545,0.631343,1
1546,0.631020,1
1547,0.604992,1
1548,0.656024,1
1549,0.631896,1
1550,0.635570,1
1551,6.022241,1
1552,0.610943,1
1553,0.594900,1
1554,0.664259,1
1555,0.988649,1
1556,0.610633,1
1557,0.990050,1
1558,0.607245,1
1559,0.625421,1
1560,0.629598,1
1561,0.594496,1
1562,0.652446,1
1563,0.949023,1
1564,0.673643,1
1565,0.633361,1
1566,9.616018,1
1567,0.965700,1
1568,0.620852,1
1569,0.629392,1
1570,0.920460,1
1571,0.590348,1
1572,0.654970,1
1573,0.655826,1
1574,0.610915,1
1575,5.810295,1
1576,0.585369,1
1577,0.617448,1
1578,0.636345,1
1579,0.648271,1
1580,0.599987,1
1581,0.625507,1
1582,0.659098,1
1583,0.646147,1
1584,0.599110,1
1585,0.593986,1
1586,0.649764,1
1587,0.617306,1
1588,0.581593,1
1589,0.646834,1
1590,0.605961,1
1591,0.896763,1
1592,9.400216,1
1593,0.618315,1
1594,0.638001,1
1595,0.644525,1
1596,0.627204,1
1597,0.764651,1
1598,0.873964,1
1599,0.616555,1
1600,0.608306,1
1601,5.802660,1
1602,0.627220,1
1603,0.628763,1
1604,0.629084,1
1605,0.967879,1
1606,0.631577,1
1607,0.640184,1
1608,0.600481,1
1609,0.630609,1
1610,0.593475,1
1611,0.614603,1
1612,0.612015,1
1613,0.886461,1
1614,1.077793,1
1615,1.053244,1
1616,9.715759,1
1617,1.139572,1
1618,1.153484,1
1619,1.167449,1
1620,1.107577,1
1621,1.062583,1
1622,5.797977,1
1623,0.902280,1
1624,0.991599,1
1625,0.609773,1
1626,0.634344,1
1627,0.656316,1
1628,0.631238,1
1629,0.615950,1
1630,0.659105,1
1631,0.613884,1
1632,0.773677,1
1633,0.909169,1
1634,0.634402,1
1635,0.624048,1
1636,0.620328,1
1637,9.593288,1
1638,0.639344,1
1639,0.616586,1
1640,0.630827,1
1641,0.626330,1
1642,0.618626,1
1643,0.639089,1
1644,0.621745,1
1645,0.617332,1
1646,5.977616,1
1647,1.072568,1
1648,0.930897,1
1649,0.928576,1
1650,0.583251,1
1651,0.660578,1
1652,0.619235,1
1653,0.623581,1
1654,0.660873,1
1655,1.073303,1
1656,0.955046,1
1657,0.887581,1
1658,0.571948,1
1659,0.722293,1
1660,9.703049,1
1661,0.574348,1
1662,0.970496,1
1663,0.635886,1
1664,0.630069,1
1665,0.635892,1
1666,0.624848,1
1667,0.618553,1
1668,0.632408,1
1669,5.798554,1
1670,0.605303,1
1671,0.646101,1
1672,0.628124,1
1673,0.617801,1
1674,0.618935,1
1675,0.648967,1
1676,0.621171,1
1677,0.640819,1
1678,0.629439,1
1679,0.652844,1
1680,0.616353,1
1681,0.620789,1
1682,0.658638,1
1683,0.990935,1
1684,0.602308,1
1685,0.639543,1
1686,9.586129,1
1687,0.599514,1
1688,0.637759,1
1689,0.955767,1
1690,0.660501,1
1691,0.966499,1
1692,0.628525,1
1693,0.637438,1
1694,6.125005,1
1695,0.960625,1
1696,0.611773,1
1697,0.604045,1
1698,0.615548,1
1699,0.639247,1
1700,0.615532,1
1701,0.597999,1
1702,0.636977,1
1703,0.606569,1
1704,0.650110,1
1705,0.621892,1
1706,0.635317,1
1707,0.650347,1
1708,0.633506,1
1709,0.642745,1
1710,9.828028,1
1711,0.592502,1
1712,0.616606,1
1713,0.611846,1
1714,0.632728,1
1715,0.615934,1
1716,0.636734,1
1717,0.653576,1
1718,0.617435,1
1719,0.622917,1
1720,5.707827,1
1721,0.658018,1
1722,0.636843,1
1723,0.619441,1
1724,0.643489,1
1725,0.955081,1
1726,0.616291,1
1727,0.611873,1
1728,0.605446,1
1729,0.610162,1
1730,0.634275,1
1731,0.585647,1
1732,0.646611,1
1733,0.602613,1
1734,0.624299,1
1735,0.611565,1
1736,0.631037,1
1737,9.688194,1
1738,0.606581,1
1739,0.625412,1
1740,0.621563,1
1741,0.585375,1
1742,0.618163,1
1743,0.639987,1
1744,0.589474,1
1745,0.628906,1
1746,5.958895,1
1747,0.954536,1
1748,0.617019,1
1749,0.640159,1
1750,0.623136,1
1751,0.636382,1
1752,0.632998,1
1753,0.650935,1
1754,0.893765,1
1755,0.934731,1
1756,0.601263,1
1757,0.611797,1
1758,0.586760,1
1759,0.644811,1
1760,0.573671,1
1761,0.672103,1
1762,9.656700,1
1763,0.897905,1
1764,0.643959,1
1765,0.595358,1
1766,0.599660,1
1767,0.611891,1
1768,0.618270,1
1769,0.599191,1
1770,0.632239,1
1771,6.062783,1
1772,0.616990,1
1773,0.633657,1
1774,0.615585,1
1775,0.641406,1
1776,0.643542,1
1777,0.597973,1
1778,0.619270,1
1779,0.628537,1
1780,0.639005,1
1781,0.635130,1
1782,0.655996,1
1783,0.950603,1
1784,0.639980,1
1785,0.639391,1
1786,0.604243,1
1787,9.917171,1
1788,0.542557,1
1789,0.627092,1
1790,0.632681,1
1791,0.636666,1
1792,0.597313,1
1793,0.605407,1
1794,0.635013,1
1795,0.628930,1
1796,0.612325,1
1797,5.793274,1
1798,0.633377,1
1799,0.607132,1
1800,0.617967,1
1801,1.053971,1
1802,0.890183,1
1803,0.613958,1
1804,0.620320,1
1805,0.644353,1
1806,0.621853,1
1807,0.626516,1
1808,0.625434,1
1809,0.631208,1
1810,0.983437,1
1811,0.601374,1
1812,10.071666,1
1813,0.970414,1
1814,0.971698,1
1815,0.567088,1
1816,0.627210,1
1817,0.954399,1
1818,0.610149,1
1819,0.626824,1
1820,5.799985,1
1821,0.639044,1
1822,0.627828,1
1823,0.640903,1
1824,0.981597,1
1825,0.626501,1
1826,0.660548,1
1827,0.605062,1
1828,0.633370,1
1829,0.805224,1
1830,0.890355,1
1831,0.993345,1
1832,0.925329,1
1833,0.596088,1
1834,0.660223,1
1835,9.654585,1
1836,0.922370,1
1837,0.942073,1
1838,0.617459,1
1839,0.673387,1
1840,0.617416,1
1841,0.614428,1
1842,0.614361,1
1843,6.273908,1
1844,0.591992,1
1845,0.614237,1
1846,0.623656,1
1847,0.608096,1
1848,0.615123,1
1849,0.635662,1
1850,0.960660,1
1851,0.628257,1
1852,0.617969,1
1853,0.601272,1
1854,0.954053,1
1855,0.590136,1
1856,0.625577,1
1857,0.602804,1
1858,0.660086,1
1859,9.562146,1
1860,0.606395,1
1861,0.641067,1
1862,0.626055,1
1863,0.609012,1
1864,0.643346,1
1865,0.641065,1
1866,0.941243,1
1867,0.676688,1
1868,5.807888,1
1869,0.905449,1
1870,0.606945,1
1871,0.624238,1
1872,0.618144,1
1873,0.956905,1
1874,0.604248,1
1875,0.633605,1
1876,0.619913,1
1877,0.916570,1
1878,0.630103,1
1879,0.644299,1
1880,0.601024,1
1881,0.623830,1
1882,0.585757,1
1883,0.591555,1
1884,9.652292,1
1885,0.571438,1
1886,0.617860,1
1887,0.620220,1
1888,0.638114,1
1889,0.568379,1
1890,0.963514,1
1891,0.610213,1
1892,0.631414,1
1893,5.920767,1
1894,0.638485,1
1895,0.638241,1
1896,0.587964,1
1897,0.575679,1
1898,0.651421,1
1899,0.623648,1
1900,0.606325,1
1901,0.603899,1
1902,0.619261,1
1903,0.612643,1
1904,0.624383,1
1905,0.562952,1
1906,0.648732,1
1907,0.568775,1
1908,0.672751,1
1909,0.590979,1
1910,0.612035,1
1911,9.706953,1
1912,0.917677,1
1913,0.601055,1
1914,0.675197,1
1915,0.888408,1
1916,0.627344,1
1917,0.594539,1
1918,0.601520,1
1919,6.154920,1
1920,0.606550,1
1921,0.605530,1
1922,0.656334,1
1923,0.595332,1
1924,0.627952,1
1925,0.595727,1
1926,0.607453,1
1927,0.619229,1
1928,0.610540,1
1929,0.742482,1
1930,0.911308,1
1931,0.935851,1
1932,0.973763,1
1933,0.587867,1
1934,9.914218,1
1935,0.915414,1
1936,0.913099,1
1937,0.675240,1
1938,0.535051,1
1939,0.622082,1
1940,0.585494,1
1941,0.630806,1
1942,0.618207,1
1943,5.684126,1
1944,0.581147,1
1945,0.799417,1
1946,1.044788,1
1947,0.860521,1
1948,0.591380,1
1949,0.934138,1
1950,0.554580,1
1951,0.646726,1
1952,0.615553,1
1953,0.614678,1
1954,0.634900,1
1955,0.567375,1
1956,0.655389,1
1957,0.624724,1
1958,0.597295,1
1959,9.626445,1
1960,1.032944,1
1961,0.881353,1
1962,0.915039,1
1963,0.628112,1
1964,0.574129,1
1965,0.583515,1
1966,0.673308,1
1967,5.743481,1
1968,0.574537,1
1969,0.645839,1
1970,0.620745,1
1971,0.573745,1
1972,0.650849,1
1973,0.642871,1
1974,0.908953,1
1975,0.634122,1
1976,0.558274,1
1977,0.607860,1
1978,0.621299,1
1979,0.633754,1
1980,0.589723,1
1981,0.596802,1
1982,0.604031,1
1983,0.604948,1
1984,9.788479,1
1985,0.550779,1
1986,0.653182,1
1987,0.604892,1
1988,0.618450,1
1989,0.608046,1
1990,0.569814,1
1991,0.656527,1
1992,0.602126,1
1993,0.609034,1
1994,6.024816,1
1995,0.668044,1
1996,0.594288,1
1997,0.627905,1
1998,0.606601,1
1999,0.610217,1
